id,molecular_name,SMILES,state,QY,TPAS,log(TPACS),DOI
1,TPP-2MP,COc1ccc(-c2nc(-c3ccc(-c4ccccc4)cc3)c(-c3ccc(OC)cc3)nc2-c2ccc(-c3ccccc3)cc2)cc1,powder,18.5,1.29,1.377761439,10.1039/C4SC03365E
2,"1,4-BPA",c1ccc2cc3c(N4CCCCC4)ccc(N4CCCCC4)c3cc2c1,powder,49,2.28,2.048130927,10.1039/c5tc00946d
3,TPE-TAC,CC(C)(C)c1ccc2c(-c3ccc(-n4c5ccccc5c5ccccc54)cc3)c3cc(C(C)(C)C)ccc3c(-c3ccc(C(=C(c4ccccc4)c4ccccc4)c4ccccc4)cc3)c2c1,film,76.7,24.7,3.277492317,10.1021/acsami.9b03177
4,PN-BTZ-Cz,c1ccc(N(c2cccc3ccccc23)c2ccc(-n3c4ccccc4c4ccccc43)c3nsnc23)cc1,film,42.4,136,3.760904765,10.1021/acsomega.8b02372
5,3d,CCCCCCCCN1C(=O)C=C(Nc2ccccc2)C1=O,powder,35,16.6,2.764176132,10.1016/j.tet.2014.12.023
6,4ag,CCc1c(CC)n2c(=O)c3ccccc3c(-c3ccccc3)c2c2ccccc12,powder,2.7,2.47,0.824060717,10.1039/C5CC05239D
7,DBTO-PXZ,O=S1(=O)c2ccc(N3c4ccccc4Oc4ccccc43)cc2-c2cc(N3c4ccccc4Oc4ccccc43)ccc21,powder,6.7,11.2,1.875292825,10.1039/c5tc03588k
8,PVTPAN,CCN1c2ccccc2Sc2cc(/C=C/c3ccc(C(C#N)=C(c4ccccc4)c4ccccc4)cc3)ccc21,powder,52.9,892,4.673820526,10.1039/C4TC02925A
9,f-TPE-PFu,c1ccc(/C(=C(\c2ccccc2)c2ccccc2-c2ccc(-c3ccco3)cc2)c2ccccc2-c2ccc(-c3ccco3)cc2)cc1,film,41.5,0.228,0.975982944,10.31635/ccschem.021.202000677
10,mmCTPI,N#Cc1cccc(-n2c(-c3cccc(C(=C(c4ccccc4)c4ccccc4)c4ccccc4)c3)nc3c4ccccc4c4ccccc4c32)c1,film,23.8,8.32,2.296700283,10.1039/c9tc01453e
11,5,c1ccc2c(c1)Cc1cc(C(=C(c3ccc4c(c3)Cc3ccccc3-4)c3ccc4c(c3)Cc3ccccc3-4)c3ccc4c(c3)Cc3ccccc3-4)ccc1-2,film,49.6,0.0214,0.02589545,10.1016/j.dyepig.2015.03.009
12, FKP-POA,CC(C)CCCC(C)CCC1(CCC(C)CCCC(C)C)c2ccccc2-c2ccc(C(=O)c3ccc(N4c5ccccc5Oc5ccccc54)cc3)cc21,film,28.9,3.95,2.057494938,10.1021/acsnano.1c11661
13,DMOP-BTO,COc1ccc(C2=C(c3ccc(OC)cc3)S(=O)(=O)c3ccccc32)cc1,powder,45.1,23,3.015904378,10.1039/c6cc09892d
14,1a,COC(=O)c1cc(C(=O)OC)cc(-n2c3ccccc3c3ccccc32)c1,powder,4,0.558,0.34869419,10.1039/C5CC03515E
15,2g,Cc1ccccc1SC(=O)c1cc(N(c2ccccc2)c2ccccc2)c(C(=O)Sc2ccccc2C)cc1N(c1ccccc1)c1ccccc1,powder,41,64.9,3.425028554,10.1002/ejoc.201601067
16,ASBS_6222_1,N#Cc1ccc(C(=C(c2ccc(-n3c4ccccc4c4ccccc43)cc2)c2ccc(-n3c4ccccc4c4ccccc43)cc2)c2ccc(C#N)cc2)cc1,powder,38,262,3.998084888,10.1002/smll.201601516
17,3e,CCCCCCN1C(=O)C=C(Nc2ccc(C)cc2)C1=O,powder,16,25.4,2.608953699,10.1016/j.tet.2014.12.023
18,1086-DPF-BP-PXZ,O=C(c1ccc(N2c3ccccc3Oc3ccccc32)cc1)c1ccc2c(c1)C(c1ccccc1)(c1ccccc1)c1ccccc1-2,film,48.7,5.5,2.427891651,10.1002/advs.201801629
19, TBL,COc1ccc(N(c2ccc(OC)cc2)c2ccc(-c3ccc(-c4ccc5c(=O)[nH][nH]c(=O)c5c4)c4nsnc34)cc2)cc1,powder,12.5,974,4.08546897,10.1002/adma.202004685
20,TCP-BP-SFAC,O=C(c1ccc(N2c3ccccc3C3(c4ccccc4-c4ccccc43)c3ccccc32)cc1)c1ccc2c(c1)c1ccccc1n2-c1cc(-n2c3ccccc3c3ccccc32)cc(-n2c3ccccc3c3ccccc32)c1,film,92,113,4.016866271,10.1126/sciadv.abj2504
21,5,Fc1ccc([N+]2=C3C(=[N+](c4ccc(F)cc4)[Zn]2(Cl)Cl)c2cccc4cccc3c24)cc1,powder,1.72,6060,4.018001071,10.1039/C5DT01529D
22,BTPE-PI,C(=C(c1ccccc1)c1ccccc1)c1ccc(-c2ccc(-c3nc4c5ccccc5c5ccccc5c4n3-c3cccc(-c4ccc(C=C(c5ccccc5)c5ccccc5)cc4)c3)cc2)cc1,powder,93.8,353,4.519977544,10.1021/acs.chemmater.5b00568
23,2,CCCCCCCCCCCCCCCCOc1ccc(/C(O)=C/C(=O)c2ccc(N(c3ccccc3)c3ccc(C(=O)/C=C(\O)c4ccc(OCCCCCCCCCCCCCCCC)cc4)cc3)cc2)cc1,powder,11,1170,4.109578547,10.1039/c4ob02612h
24,2-BTMPS,C[Si]1(c2ccccc2)C(c2cc3ccccc3s2)=C(c2ccccc2)C(c2ccccc2)=C1c1cc2ccccc2s1,film,8.5,6.08,1.713322505,10.1002/chem.201500002
25,BP-PXZ,O=C(c1ccccc1)c1ccc(N2c3ccccc3Oc3ccccc32)cc1,film,13.6,7.88,2.030065126,10.1039/c7qm00286f
26,1d,CC(C)(C)OC(=O)n1c(-c2ccc(C#N)c3nsnc23)cc2ccccc21,powder,49,56,3.438384107,10.1002/asia.201600526
27,BDBM,CC1(C)C(C2=C(c3ccc(C=C(C#N)C#N)cc3)c3ccccc3C2(C)C)=C(c2ccc(C=C(C#N)C#N)cc2)c2ccccc21,powder,22,55.2,3.084361759,10.1039/c4ra15199b
28, Cm-o-TPA,Cc1cc(=O)oc2c(/C=N/c3ccccc3-c3ccc(N(c4ccccc4)c4ccccc4)cc3)c(O)ccc12,powder,12.7,21.8,2.442260215,10.1002/advs.202307078
29,2c,O=C(NN1C(=O)C(c2ccccc2)=C(c2ccccc2)C1=O)c1ccc([N+](=O)[O-])cc1,powder,39,14.7,2.758381942,10.1039/c5tc02374b
30,1a,CC(C)(C)c1ccc(COc2ccc(C(=Cc3ccc(C=C(c4ccc(OCc5ccc(C(C)(C)C)cc5)cc4)c4ccc(OCc5ccc(C(C)(C)C)cc5)cc4)cc3)c3ccc(OCc4ccc(C(C)(C)C)cc4)cc3)cc2)cc1,powder,40.2,0.514,1.315189172,10.1002/ajoc.201600112
31,AnDA,O=Cc1c2ccccc2c(C=O)c2ccccc12,powder,2,0.284,-0.245651664,10.1002/cjoc.201600357
32,BTPE-C8,c1ccc(C(=C(c2ccccc2)c2ccc(OCCCCCCCCOc3ccc(C(=C(c4ccccc4)c4ccccc4)c4ccccc4)cc3)cc2)c2ccccc2)cc1,powder,65.2,13.6,2.947786504,10.1002/adfm.201707210
33,3b,CCCN1C(=O)C=C(Nc2ccccc2)C1=O,powder,51,15.9,2.9089673,10.1016/j.tet.2014.12.023
34,SAF-3-TriPE,c1ccc(C(=C(c2ccccc2)c2ccc3c(c2)-c2ccccc2C32c3ccccc3N(c3ccccc3)c3ccccc32)c2ccccc2)cc1,film,54,0.306,1.218115186,10.1002/chem.201503041
35,SBF-BP-DMAC,CC1(C)c2ccccc2N(c2ccc(C(=O)c3ccc4c(c3)C3(c5ccccc5-c5ccccc53)c3ccccc3-4)cc2)c2ccccc21,powder,72.1,13.3,2.981786906,10.1002/adfm.202000019
36,2,Oc1cc(-c2ccc(N(c3ccccc3)c3ccccc3)cc2)ccc1-c1nc2ccccc2s1,film,22,557,4.088277876,10.1002/ajoc.201600159
37,4ah,Cc1c(-c2ccccc2)n2c(=O)c3ccccc3c(-c3ccccc3)c2c2ccccc12,powder,1.8,3.18,0.757699625,10.1039/C5CC05239D
38,FDMS,C[Si]1(C)C(c2ccc3c(c2)Cc2ccccc2-3)=C(c2ccccc2)C(c2ccccc2)=C1c1ccc2c(c1)Cc1ccccc1-2,film,52,604,4.497040282,10.1002/asia.201402468
39,DPAC-TAn-PI,CC(C)(C)c1ccc2c(-c3ccc(N4c5ccccc5C(c5ccccc5)(c5ccccc5)c5ccccc54)cc3)c3cc(C(C)(C)C)ccc3c(-c3ccc(-c4nc5c6ccccc6c6ccccc6c5n4-c4ccccc4)cc3)c2c1,film,62.3,195,4.084522658,10.1002/adom.202100298
40,pTPI,c1ccc(C(=C(c2ccccc2)c2ccc(-c3nc4c5ccccc5c5ccccc5c4n3-c3ccccc3)cc2)c2ccccc2)cc1,film,88.5,557,4.692798466,10.1039/c9tc01453e
41,4e,COc1ccc([C@@H]2C[C@](O)(c3ccccn3)C[C@](O)(c3ccccn3)C2C(=O)c2ccc(N(c3ccccc3)c3ccccc3)cc2)cc1,powder,23,89.9,3.315487528,10.1016/j.dyepig.2015.08.013
42,1-nn,c1ccc2c(c1)n1cccc1c1cccn21,powder,2,0.866,0.238547888,10.3987/COM-15-13189
43,DPS-PTZ,O=S(=O)(c1ccc(N2c3ccccc3Sc3ccccc32)cc1)c1ccc(N2c3ccccc3Sc3ccccc32)cc1,powder,20.3,0.0745,0.179652311,10.1039/c5tc03588k
44, S-BN-AF,CC1(C)c2ccccc2N(c2c(F)c(C#N)c3oc4ccc5ccccc5c4c4c(ccc5ccccc54)oc3c2C#N)c2ccccc21,film,5.3,1.24,0.817697555,10.1002/adfm.201800051
45,(TPE)2SF,c1ccc(C(=C(c2ccccc2)c2ccc(-c3ccc4c(c3)C3(c5ccccc5-c5ccccc53)c3cc(-c5ccc(C(=C(c6ccccc6)c6ccccc6)c6ccccc6)cc5)ccc3-4)cc2)c2ccccc2)cc1,film,69,267,4.265360352,10.1016/j.dyepig.2014.02.026
46,6,O=C(c1ccccc1)c1ccc2ccc3cccc4ccc1c2c34,film,6.1,30.2,2.265336778,10.1039/c8cp00260f
47,mCBP-BP-PXZ,O=C(c1ccc(N2c3ccccc3Oc3ccccc32)cc1)c1ccc2c(c1)c1ccccc1n2-c1cccc(-c2cccc(-n3c4ccccc4c4ccccc43)c2)c1,film,71.2,59.4,3.626266439,10.1002/anie.201802060
48,NPCE,c1ccc(/C(=C(/c2ccccc2)c2ccc3c(c2)c2ccccc2n3-c2ccccc2)c2ccc3c(c2)c2ccccc2n3-c2ccccc2)cc1,powder,82,0.256,1.322053818,10.1039/C4RA16069J
49,5-BTMPS,C[Si]1(c2ccccc2)C(c2ccc3sccc3c2)=C(c2ccccc2)C(c2ccccc2)=C1c1ccc2sccc2c1,film,53,1510,4.903252817,10.1002/chem.201500002
50,"1,4,5-Triphenyl-2-(4-(1,2,2-triphenylvinyl)phenyl)-1H-imidazole",c1ccc(C(=C(c2ccccc2)c2ccc(-c3nc(-c4ccccc4)c(-c4ccccc4)n3-c3ccccc3)cc2)c2ccccc2)cc1,film,72.8,85.7,3.795112201,10.1007/s12200-015-0522-y
51,1j,Cc1c(-c2ccc(C#N)c3nsnc23)n(C(=O)OC(C)(C)C)c2ccccc12,powder,24,48.7,3.067740203,10.1002/asia.201600526
52,PIPD-MP-DPAC,Cc1cc(-c2nc3cnccc3n2-c2ccccc2)ccc1N1c2ccccc2C(c2ccccc2)(c2ccccc2)c2ccccc21,film,17.5,0.372,0.813580989,10.1002/adom.202001840
53,T1,N#CC(C#N)=Cc1ccc(N(c2ccccc2)c2ccc(-c3ccc(N(c4ccccc4)c4ccc(C=C(C#N)C#N)cc4)cc3)cc2)cc1,powder,1.1,1080,3.074816441,10.1016/j.tet.2015.03.003
54,BTPTPE,c1ccc(C(=C(c2ccccc2)c2cccc(-c3cc(C(=C(c4ccccc4)c4ccccc4)c4ccccc4)cc(C(=C(c4ccccc4)c4ccccc4)c4ccccc4)c3)c2)c2ccccc2)cc1,powder,100,0.285,1.45484486,10.1002/adfm.201102030
55,SFDMS,C[Si]1(C)C(c2ccc3c(c2)C2(c4ccccc4-c4ccccc42)c2ccccc2-3)=C(c2ccccc2)C(c2ccccc2)=C1c1ccc2c(c1)C1(c3ccccc3-c3ccccc31)c1ccccc1-2,film,85,1410,5.078638038,10.1002/chem.201303259
56,(PBI)2MPPS,C[Si]1(c2ccccc2)C(c2ccc(-c3nc4ccccc4n3-c3ccccc3)cc2)=C(c2ccccc2)C(c2ccccc2)=C1c1ccc(-c2nc3ccccc3n2-c2ccccc2)cc1,film,58.7,3010,5.247204597,10.1039/c7tc05062c
57,1g,Cc1c(-c2cccc3nsnc23)n(C(=O)OC(C)(C)C)c2ccccc12,powder,46,23.6,3.035669835,10.1002/asia.201600526
58,3o,CCCCc1c(/C(=C(/c2ccc(C(F)(F)F)cc2)c2oc(OC)c(C(=O)OC)c2CCCC)c2ccccc2)oc(OC)c1C(=O)OC,film,3,18,1.73239376,10.1039/c5qo00205b
59,4da,O=c1c2ccc(F)cc2c(-c2ccccc2)c2c3ccccc3c(-c3ccccc3)c(-c3ccccc3)n12,powder,4.5,5.02,1.353916231,10.1039/C5CC05239D
60,4,COc1ccc2cc(C(=O)/C=C/c3ccc4ccc5cccc6ccc3c4c56)ccc2c1,powder,19,311,3.77151399,10.1016/j.tet.2015.02.072
61,13,c1ccc(C2=C(c3ccccc3)[SiH](c3ccccc3)C(c3ccccc3)=C2c2ccccc2)cc1,film,20,1310,4.418301291,10.1021/cm021715z
62,Cz-TAn-DMAC,CC(C)(C)c1ccc2c(-c3ccc(-n4c5ccccc5c5ccccc54)cc3)c3cc(C(C)(C)C)ccc3c(-c3ccc(N4c5ccccc5C(C)(C)c5ccccc54)cc3)c2c1,film,41.7,3.5,2.164204099,10.1039/d1tc00432h
63,TTY,COc1ccc(N(c2ccc(OC)cc2)c2ccc(-c3ccc(C=O)s3)cc2)cc1,powder,10.03,395,3.597898029,10.1039/c8sc05805a
64,14,C(#Cc1ccccc1)CCCCC#C[Si]1(c2ccccc2)C(c2ccccc2)=C(c2ccccc2)C(c2ccccc2)=C1c1ccccc1,film,17,79.3,3.129722109,10.1021/cm021715z
65,2a,CCOc1ccc(C(=C(c2ccccc2)c2ccc(-c3cc4ccc5cc(-c6ccc(C(=C(c7ccc(OCC)cc7)c7ccc(OCC)cc7)c7ccccc7)cc6)cc6ccc(c3)c4c56)cc2)c2ccc(OCC)cc2)cc1,film,46.7,1460,4.833669736,10.1039/C8SC01709C
66,DBP-BTO,O=S1(=O)C(c2ccc(-c3ccccc3)cc2)=C(c2ccc(-c3ccccc3)cc2)c2ccccc21,powder,86.9,42.6,3.568429376,10.1039/c6cc09892d
67,4ac,CC(C)(C)c1ccc(-c2c(-c3ccc(C(C)(C)C)cc3)n3c(=O)c4ccccc4c(-c4ccccc4)c3c3ccccc23)cc1,powder,3.3,7.13,1.37160347,10.1039/C5CC05239D
68, TPP-p-TPE,c1ccc(C(=C(c2ccccc2)c2ccc(-c3nc(-c4ccccc4)c(-c4ccccc4)nc3-c3ccccc3)cc2)c2ccccc2)cc1,powder,54.2,75.3,3.610794263,10.1002/adfm.201903834
69,m-TBP-TTDO,O=S1(=O)C(c2cccc(-c3ccccc3)c2)=C(c2cccc(-c3ccccc3)c2)c2sc(-c3cccc(-c4ccccc4)c3)c(-c3cccc(-c4ccccc4)c3)c21,film,36.4,42.8,3.192545153,10.1039/c6tc05116b
70,DP-TPE,c1cc2ccc1CCc1ccc(c(-c3ccc(-c4ccc(-c5ccc(-c6cc7ccc6CCc6ccc(cc6)CC7)s5)c5nsnc45)s3)c1)CC2,powder,25,1770,4.645913275,10.1021/acsnano.9b05914
71,ppCTPI,N#Cc1ccc(-n2c(-c3ccc(C(=C(c4ccccc4)c4ccccc4)c4ccccc4)cc3)nc3c4ccccc4c4ccccc4c32)cc1,film,59.5,60.8,3.558420545,10.1039/c9tc01453e
72,"3,4-BtPE-TP",c1ccc(C2=C(c3ccc(C(=C(c4ccccc4)c4ccccc4)c4ccccc4)cc3)C(c3ccc(C(=C(c4ccccc4)c4ccccc4)c4ccccc4)cc3)=C(c3ccccc3)C2)cc1,film,31.5,63.4,3.300399812,10.1002/smll.201602285
73, TPP-4OH ,Oc1ccc(-c2nc(-c3ccc(O)cc3)c(-c3ccc(O)cc3)nc2-c2ccc(O)cc2)cc1,powder,11.8,0.427,0.702309882,10.1021/acs.chemmater.7b04703
74,TPE(PF)2,c1ccc(/C(=C(/c2ccccc2)c2ccc(-c3ccc4c(c3)C(c3ccccc3)(c3ccccc3)c3ccccc3-4)cc2)c2ccc(-c3ccc4c(c3)C(c3ccccc3)(c3ccccc3)c3ccccc3-4)cc2)cc1,film,95,0.0776,0.867585327,10.1016/j.dyepig.2014.02.026
75,TPAHTPE,C(=C(c1ccccc1)c1ccccc1)c1ccc(-c2ccc(N(c3ccccc3)c3ccccc3)cc2)cc1,film,87.1,516,4.652667857,10.1002/adma.201501981
76,S-BN-DCB,CC(C)(C)c1ccc2c(c1)c1cc(C(C)(C)C)ccc1n2-c1c(-n2c3ccc(C(C)(C)C)cc3c3cc(C(C)(C)C)ccc32)c(C#N)c2oc3ccc4ccccc4c3c3c(ccc4ccccc43)oc2c1C#N,film,22.1,27.4,2.782142837,10.1002/adfm.201800051
77,14,CC(C)(C)OC(=O)Nc1c2ccccc2cc2ccccc12,powder,3.3,0.0711,-0.629616459,10.1021/acs.cgd.5b00081
78,8,CCOC(=O)c1c2ccccc2c(NC(=O)OCC(C)CC)c2ccccc12,powder,14,0.238,0.522704993,10.1021/acs.cgd.5b00081
79, 2-AFN,CN(C)CCN(C)c1nc(-c2ccc(N(c3ccccc3)c3ccccc3)cc2)c2c(c1C#N)-c1ccccc1C2=O,powder,4.8,369,3.248267604,10.1039/c9cc02782c
80,3-CCP-BP-PXZ,O=C(c1ccc(N2c3ccccc3Oc3ccccc32)cc1)c1ccc2c(c1)c1cc(Cl)ccc1n2-c1ccccc1,film,73,12.6,2.963693405,10.1021/acsmaterialslett.9b00369
81,(Mes)2DMS,Cc1cc(C)c(B(C2=C(c3ccccc3)C(c3ccccc3)=C(B(c3c(C)cc(C)cc3C)c3c(C)cc(C)cc3C)[Si]2(C)C)c2c(C)cc(C)cc2C)c(C)c1,film,8.8,51.3,2.654600037,10.1039/c6tc02738e
82,DP-BTZ-Cz,c1ccc(N(c2ccccc2)c2ccc(-n3c4ccccc4c4ccccc43)c3nsnc23)cc1,film,38.3,121,3.665984144,10.1021/acsomega.8b02372
83,1,CCOc1ccc(C(=C(c2ccc(OCC)cc2)c2ccc(OCC)cc2)c2ccc(OCC)cc2)cc1,powder,47,0.043,0.305566314,10.1021/jp306908u
84, TPP-PDCV,N#CC(C#N)=Cc1ccc(-c2ccc(-c3nc(-c4ccccc4)c(-c4ccccc4)nc3-c3ccccc3)cc2)cc1,solid,12,757,3.958277126,10.1002/adfm.201704689
85,4,c1cc2c3c(c1)CCc1cc(C(=C(c4cc5c6c(c4)CCc4cccc(c4-6)CC5)c4cc5c6c(c4)CCc4cccc(c4-6)CC5)c4cc5c6c(c4)CCc4cccc(c4-6)CC5)cc(c1-3)CC2,film,74.1,5.76,2.630240691,10.1016/j.dyepig.2015.03.009
86,TPE-An,C(=C/c1c2ccccc2c(/C=C/c2ccc(C(=C(c3ccccc3)c3ccccc3)c3ccccc3)cc2)c2ccccc12)\c1ccc(C(=C(c2ccccc2)c2ccccc2)c2ccccc2)cc1,film,75,4090,5.486784571,10.1039/c5tc01211b
87,(PPI)2MPPS,C[Si]1(c2ccccc2)C(c2ccc(C3=NC4c5ccccc5-c5ccccc5C4N3c3ccccc3)cc2)=C(c2ccccc2)C(c2ccccc2)=C1c1ccc(C2=NC3c4ccccc4-c4ccccc4C3N2c2ccccc2)cc1,film,50.2,4640,5.367221698,10.1039/c7tc05062c
88,FKP-PTA,CC(C)CCCC(C)CCC1(CCC(C)CCCC(C)C)c2ccccc2-c2ccc(C(=O)c3ccc(N4c5ccccc5Sc5ccccc54)cc3)cc21,film,17.6,4.38,1.886986778,10.1021/acsnano.1c11661
89,(E)-TPEDEPy,C(#Cc1ccc(/C(=C(\c2ccccc2)c2ccc(C#Cc3ccncc3)cc2)c2ccccc2)cc1)c1ccncc1,powder,43.8,2370,5.016222457,10.1021/acs.jpcb.7b10929
90,DCDPF-BP-PXZ,O=C(c1ccc(N2c3ccccc3Oc3ccccc32)cc1)c1ccc2c(c1)c1ccccc1n2-c1ccc2c(c1)C(c1ccccc1)(c1ccccc1)c1cc(-n3c4ccccc4c4ccccc43)ccc1-2,powder,89,140,4.095518042,10.1002/adom.202001027
91,4ea,O=c1c2ccc(C(F)(F)F)cc2c(-c2ccccc2)c2c3ccccc3c(-c3ccccc3)c(-c3ccccc3)n12,powder,2.5,7.27,1.25947442,10.1039/C5CC05239D
92,DMAC-TAn-BI,CC(C)(C)c1ccc2c(-c3ccc(N4c5ccccc5C(C)(C)c5ccccc54)cc3)c3cc(C(C)(C)C)ccc3c(-c3ccc(-c4nc5ccccc5n4-c4ccccc4)cc3)c2c1,film,52.7,30.7,3.208948991,10.1002/adom.202100298
93,ABCXF,CN(C)c1ccc(/C=C/C=C(\C#N)c2cc(C(F)(F)F)cc(C(F)(F)F)c2)cc1,powder,15.9,218,3.539853618,10.1039/d0qm00877j
94,TPMN,N#CC(C#N)=Cc1ccc(-c2ccc(N(c3ccccc3)c3ccccc3)cc2)cc1,powder,18.6,883,4.215473648,10.1002/adfm.201704039
95,PIPD-MP-IMDB,Cc1cc(-c2nc3cnccc3n2-c2ccccc2)ccc1N1c2ccccc2CCc2ccccc21,film,45.2,63,3.454478984,10.1002/adom.202001840
96,TPEIq,c1ccc(C(=C(c2ccccc2)c2ccc(-c3nccc4ccccc34)cc2)c2ccccc2)cc1,film,20,84.5,3.227886705,10.1039/c0sc00521e
97,2a,O=C1c2cccnc2-c2ccc(N(c3ccc(C(=C(c4ccccc4)c4ccccc4)c4ccccc4)cc3)c3ccc(C(=C(c4ccccc4)c4ccccc4)c4ccccc4)cc3)c3cccc1c23,powder,11.6,401,3.667602362,10.1039/c8sc00633d
98,PTZ7,CCCCN1c2ccccc2Sc2cc(C=C(C(=O)O)C(=O)O)ccc21,powder,38.9,60.9,3.374566894,10.1039/C9TC00143C
99,3,COc1cc(-c2ccc(N(c3ccccc3)c3ccccc3)cc2)ccc1-c1nc2ccccc2s1,film,88,551,4.685634271,10.1002/ajoc.201600159
100,2,COc1ccc2cc(C(C)C(=O)Oc3ccc(C(=C(c4ccc(OC(=O)C(C)c5ccc6cc(OC)ccc6c5)cc4)c4ccc(OC(=O)C(C)c5ccc6cc(OC)ccc6c5)cc4)c4ccc(OC(=O)C(C)c5ccc6cc(OC)ccc6c5)cc4)cc3)ccc2c1,powder,18.9,0.0338,-0.194621496,10.1039/c4tc00788c
